city	loc	pop	state
"PLEASANT GROVE"	"[ -86.976586	 33.488336 ]"	8458	"AL"
"PLEASANT GROVE"	"[ -111.733284	 40.371986 ]"	15703	"UT"
"PLEASANT GROVE"	"[ -90.10249399999999	 34.469951 ]"	80	"MS"
"PLEASANT GROVE"	"[ -91.931905	 35.842349 ]"	772	"AR"
"PLEASANT GROVE"	"[ -121.507967	 38.787773 ]"	1034	"CA"